listing,price,brand,size
"Kenneth Cole Small Burgundy Shoulder Bag 8.5"" x 5"" x 2"" Wine Red",30.0,Kenneth,Small
🧚‍♀️LOUIS VUITTON Houston Yellow Vernis Bag,325.0,🧚‍♀️LOUIS,
Michael Kors Black Shoulder Bag with Gold Details,56.0,Michael,
"Valentino Orlandi Quilted Vegan Leather Crossbody Purse - NWT
          
      NWT",175.0,Valentino,OS
"Tory Burch SMALL ELEANOR BAG
          
      NWT",265.0,Tory,Small
"Brand new Tory Burch Small Eleanor Bag Black
          
      NWT",255.0,Brand,Small
"Coach Observed By Us Zip Card Case Khaki Signature Canvas Pink
          
      NWT",118.0,Coach,
Chanel Vintage Blk-lrg Leather Matelasse/Gold plated Chain shoulderstrap-Rank AB,4150.0,Chanel,
Vera Bradley Lime's Up Vera Tote Large Toggle Closure Carryall Shoulder Bag,40.0,Vera,Large
"NWT The Drop Women's Preston Belt Bag in Grey
          
      NWT",20.0,NWT,
NWOT Steve Madden Black and Green Camouflage Duffel Bag 23 L x 16 H x 7 W,36.0,NWOT,
Kate Spade Cape Drive Lynnie Bucket Tote Bag,65.0,Kate,
Ortegas Weaving Shop Chimayo Hand Woven Wool Shoulder Bag Navajo Native American,90.0,Ortegas,
"New Juicy Couture Bag
          
      NWT",15.0,New,
"CHANEL Beige Quilted Crossbody Bag with Gold Chain
          
      NWT",4850.0,CHANEL,OS
Patricia Nash garden party Floral Wristlet Pouch Clutch Purse Pink Yellow Blue,45.0,Patricia,
Chic Dark Brown Leather Shoulder Bag,18.0,Chic,
"Disney Mini Mouse crossbody bag
          
      NWT",25.0,Disney,Mini
Loungefly Deadpool Wallet,30.0,Loungefly,
A301- 💯% authentic Gucci shoulder bag,459.0,A301-,
Coach Klare Crossbody 25 Black Pebbled Leather purse,175.0,Coach,OS
Brown Leather Crossbody Bag,45.0,Brown,OS
Red Croc Embossed‎ Clutch Wallet Kiss Lock Bifold Organizer Pouch,17.0,Red,OS
"Michael Kors Jet Set Travel Large Patchwork Wristlet  35F4GTVW7Y MK
          
      NWT",53.0,Michael,Large
"Kate Spade Lavender Crossbody Bag
          
      NWT",81.0,Kate,OS
American West Brown Leather Fringe Shoulder Bag,75.0,American,
"Big Bundle of Packing Bags Variety
          
      NWT",19.0,Big,
Brahmin croc print leather bag,89.0,Brahmin,
Timbuk2 Tuck Pack Roll Top Water Resistant Laptop Backpack Black,54.0,Timbuk2,
Canada Black and Red Fanny Pack,18.0,Canada,
"NEW!  Baby its cold outside Snowman GRAPHIC Tote
          
      NWT",16.0,NEW!,
Vintage Coach NYC Madison Satchel Large 9615 Putty 1980s,310.0,Vintage,Large
Admiral Vintage Gold Metallic Clutch with Ornate Clasp Formal Bag,20.0,Admiral,
Aimee Kestenberg Large Black Quilted Weekender Tote Handbag Bag Purse,30.0,Aimee,Large
"Loungefly Easter Stitch Card Holder
          
      NWT",18.0,Loungefly,
Disney Parks Mickey Mouse Snowman Christmas Loungefly Backpack,55.0,Disney,
lululemon athletica Green and Black Logo Reusable Tote,15.0,lululemon,
Kate Spade Darcy Black Leather Tote Bag,86.0,Kate,
"Women Crossbody Tote Bag PU Leather Tote Top Handle Satchel Shoulder Bag, White
          
      NWT",13.0,Women,OS
Baggallini Crossbody Travel Bag Purse Nylon Lightweight Multi Compartment,30.0,Baggallini,OS
Michael Kors Large Monogram Barrel Handbag With New Crossbody Strap,143.0,Michael,Large
"New Tory Burch Nylon Cosmetic Case Bag Black
          
      NWT",79.0,New,OS
"Nine West Purse, Tote Bag,  Nine West Shoulder Bag - Poshmark 20% Commission Fee",29.0,Nine West,OS
Women’s Top Carry Crossbody Handbag Gray Mid Size Purse Bow Heart Charm Top Zip,25.0,Women’s,OS
Vintage Everest Original Top Sports Denim Jean Fanny Pack Adjustable Belt Bag‎,13.0,Vintage,
Kate Spade Black Crossbody Bag with Gold Chain *Preowned*,51.0,Kate,OS
"Mercer Extra-Small Pebbled Leather Crossbody Bag
          
      NWT",135.0,Mercer,Small
Hideaway Fashion Vintage Wool Patchwork Satchel Bag Womens Brown Plaid Tote,250.0,Hideaway,
ADIDAS mini faux fur backpack,220.0,ADIDAS,Mini
Pink Women's Bag with Charm terrycloth,250.0,Pink,
Vintage‎ Boho Woven Floral Handbag,35.0,Vintage‎,
BUENO Light Gray Faux Leather Crossbody Bag Womens Zip Pockets Adjustable Strap,9.0,BUENO,OS
Relic Floral Yellow Reversible Tote Shoulder Bag Fabric Nylon Top Handle Zip,25.0,Relic,
KAVU Green Patterned Women's Bag,19.0,KAVU,
Vintage HOBO International Tote Bag,35.0,Vintage,
New Disney Descendants 2 Backpack Purple,162.0,New,
"Leopard Pattern Beaded Shoulder Bag
          
      NWT",50.0,Leopard,
GEM PATTERN SILK VELVET BEADED MINI POUCH CROSSBODY BAG,30.0,GEM,Mini
Vintage Coach Bedford Multi-Function Wallet Keychain Wallet Red Leather 6994,85.0,Vintage,
Vintage Elegant White and Gold Beaded Clutch,49.0,Vintage,
Jimmy Choo Parfums Black Back Pack,17.0,Jimmy,
Valentina Leather Cosmetic Bag,45.0,Valentina,OS
Lilly Pulitzer Estee Lauder Lemon Zip Pouch Makeup Toiletry Bag,12.0,Lilly,
"Miss Mak, Yellow Crocco and Patent Leather Handbag",20.0,Miss,
"Michael kors New York City double zip wallet
          
      NWT",165.0,Michael,
"NIB Ree Projects Helene Hobo Mini Raffia Bag in Peach
          
      NWT",280.0,NIB,Mini
NEW HOBO Vida Woven Metallic Black and Silver Leather Wristlet - with Dust Bag,98.0,NEW,
Coach Y2K Chocolate Brown Leather Shoulder Bag with Gold Accents,89.0,Coach,
Kate Spade Coral Satchel,100.0,Kate,
VTG Dilana Design Coll. Genuine Leather Backpack Travel Top Zipper Retro BOHO,115.0,VTG,
"Mochi Rafia Woven Black Clutch Shoulder Bag with Chain Large Brooch Accents NWT
          
      NWT",45.0,Mochi,Large
"Flamingo Coin Purse Pink White Green
          
      NWT",16.0,Flamingo,
Brahmin Tan and Silver Crocodile Crossbody Bag,99.0,Brahmin,OS
COACH Madison- Coral Satchel With Crossbody Detachable Strap-EUC,125.0,COACH,OS
MCM Black Visetos Tote Bag,351.0,MCM,OS
UNLISTED INVENTORY LIVE AUCTION,77.0,UNLISTED,
Kate Spade Laurel Way Reiley Blush Pink And Black 2 Way Crossbody Bag,95.0,Kate,OS
Hand Dyed Mosaic Red House of Bailey Crossbody/Clutch Bag,49.0,Hand,OS
Dooney & Bourke Black Pebbled Leather Wristlet with Brown Leather Detail,30.0,Dooney,
B. Makowsky Shimmering Black and Taupe Leather Shoulder/Crossbody Purse,40.0,B.,OS
"New Aldo Nylon Convertible Crossbody Bag Black
          
      NWT",53.0,New,OS
Fendi Peekaboo Leather Pink Bifold Wallet,399.0,Fendi,
"Brand New Kate Spade Genuine Leather Large Slim Bifold Wallet Warm Beige Neutral
          
      NWT",119.0,Brand,Large
LOVCAT Paris Burgundy Heart‎ Embossed Patent Leather Rhinestone Flap Wallet,23.0,LOVCAT,OS
Divina Firenze Rina Chestnut Croc‎ Embossed Leather Satchel,49.0,Divina,OS
Stella McCartney Tan Chain-Trimmed Shoulder Bag,750.0,Stella,
"New Stella McCartney Black Croc Embossed Bucket Bag Gold Handle W/ Dust Bag
          
      NWT",575.0,New,OS
"LeSportsac | Fantazmic Floral Brown paisley print zippered pouch, bag.",20.0,LeSportsac,
Talbots Red Tartan Plaid Crossbody Bag Leather Trim Gold Hardware,40.0,Talbots,OS
"Kate Spade Ellie Mini Canvas Tote NWT
          
      NWT",340.0,Kate,Mini
Kipling Gray/Black Metallic Shoulder Bag,45.0,Kipling,
"Women Brown Leather Imported Zipper Purses Crossbody Shoulder Handbags
          
      NWT",155.0,Women,OS
NGIL Faux Leather Push Lock Clutch/Crossbody Bag Light Brown,15.0,NGIL,OS
"ALO Yoga White mesh duffle! NWT!
          
      NWT",145.0,ALO,
"Kate Spade Rosie Large Flap Wallet Black
          
      NWT",85.0,Kate,Large
"Dooney & Bourke Handbag Pebble Grain Leather Sac
Shoulder Bag Black AUTHENTIC",125.0,Dooney,
Coach Chelsea Tweed Crossbody,135.0,Coach,OS
"Vera Bradley Astoria Shoulder Bag in Lavender, Blue & Yellow Marrakesh Print NWT
          
      NWT",55.0,Vera,
Gucci — Dionysus Large Shoulder Bag,1975.0,Gucci,Large
Black Woven Shoulder Bag,15.0,Black,
Emma Fox Pebbled Leather Bag,56.0,Emma,
Dooney & Bourke Cream and Brown Shoulder Bag,120.0,Dooney,
"Vera Pelle Genuine Leather Red Crossbody Bag Adjustable Strap, Gold Hardware",55.0,Vera,OS
Coach Black Signature Checkbook Wallet Pre Owned,36.0,Coach,
"Michael Kors Sutter Canvas Animal Print Tote NEW NWT
          
      NWT",81.0,Michael,
Kate Spade Wristlet,50.0,Kate,
"Crisscross Pattern Buckle Wallet In Brown
          
      NWT",13.0,Crisscross,OS
ILI New York Genuine Leather Tote Shoulder Bag Soft Whipstitch Tassel Zipper,99.0,ILI,
B.Makowsky brown metallic leather tote bag satchel shoulder straps and crossbody,109.0,B.Makowsky,OS
Leaders in Leather Made in Paraguay Hand Made Tooled Blue Wristlet Clutch Purse,49.0,Leaders,
"Gucci Shopping Bag 18.5"" x 3"" x 14""",20.0,Gucci,
"FARM Rio “Bolsinha Me Leva” Nylon keychain Bag – NEW!
          
      NWT",59.0,FARM,
Frye Melissa Leather Crossbody Bag EUC,78.0,Frye,OS
CHANEL 19 Medium Tan Quilted Leather Bag,4300.0,CHANEL,Medium
Dooney & Bourke Pebble Grain Large Zip Around Wallet,95.0,Dooney,Large
PATRICIA NASH Salina Handbag English Rustic Mums Crossbody Purse Bag Leather,60.0,PATRICIA,OS
"New Valentino Sunglasses Phone Bag
          
      NWT",249.0,New,
Vera Bradley‎ - Cross body - Night & Day floral pattern,10.0,Vera,OS
Michael Kors Black Pebbled Leather Shoulder Bag,65.0,Michael,
Kate Spade Black Quilted Pouch,40.0,Kate,
"Michael Kors Medium Card Case Carryall Wallet Navy
          
      NWT",111.0,Michael,Medium
"ZAC Zac Posen Eartha Iconic Top‎ Handle Crossbody Handbag Color Ivory MSRP $525
          
      NWT",275.0,ZAC,OS
Fawn Design Cream and Tan Travel Bag Limited Addition,135.0,Fawn,
Non Branded Black & White Handbag,32.0,Non,
"NIB! Iridescent Rhinestone Bow Clutch
          
      NWT",169.0,NIB!,
Franco Sarto Patent Leather Cream Crossbody Bag,25.0,Franco,OS
Marc Jacobs Saffron Yellow Clutch,76.0,Marc,
Authentic BOTTEGA VENETA Small Intrecciato Leather Cassette Crossbody Bag,1399.0,Authentic,Small
Red Leather Chain Bag,125.0,Red,
The Bradford Exchange‎ Nursing Is The Art of Caring Quilted Tote Bag & Pouch Set,50.0,The,
Black and red tote bag,25.0,Black,
White Stag - Leather/Wheat Straw - Handbag,12.0,White,
Tory Burch Patterned Trim Drawstring Dust Cover Shoe Bag New,20.0,Tory,
"Michael Kors Large EW Crossbody Bag & Large Double Zip Wallet Brown
          
      NWT",238.0,Michael,Large
Crossbody bag Lightweight Medium Dome Shoulder‎ Bag with Tassel Pom,11.0,Crossbody,Medium
Coach signature canvas Hobo shoulder bag Black and Gray Patterned 2007 EUC,125.0,Coach,
Vintage Large HALOGEN Soft Pebbled Leather Hobo Bag Handbag,35.0,Vintage,Large
"8 Other Reasons Tan Jewelry Travel Bag - NWT
          
      NWT",30.0,8,
"Michael Kors Logo L-Zip Around Mini Wallet- Black Canvas
          
      NWT",78.0,Michael,Mini
Mali + Lili Black & Cream Spotted Speckled Weekender Bag,35.0,Mali,
"Tory Burch Kira Chevron ""Devon Sand"" Lambskin Leather Chain Crossbody",121.0,Tory,OS
Coach Small Corner Zip Wristlet  (4 x 6) - Dark Navy Blue ~ F58032,20.0,Coach,Small
Longchamp Le Foulonné Vintage Red Leather Convertible Crossbody Bag Y2K,199.0,Longchamp,OS
Patricia Nash Floral Leather Crossbody Shoulder Bag,67.0,Patricia,OS
Matt & Nat Monkland Dwell Vegan Leather Hobo Bag Brown,72.0,Matt,
"Laptop Sleeve Designer By Lilly Pulitzer, Size: Small",10.0,Laptop,Small
"Hot topic Whatever! Makes You Happy Strawberry Shortcake Strawberry Crossbody Ba
          
      NWT",65.0,Hot,OS
Excellent condition Vera Bradley Very Berry Paisley Pink Hipster Crossbody,22.0,Excellent,OS
Kate Spade Bag Glitter On Mini Camera Black Crossbody,115.0,Kate,Mini
Lole Fleece Belt Bag Unisex OS Ivory Convenient Hands-Free Travel Accessory NWOT,20.0,Lole,OS
Tory Burch Tan Leather Tote,250.0,Tory,
Coach Chelsea Heritage Tote,145.0,Coach,
⬇️PINK Victoria's Secret Blue Leaf Print Tote With Accesory Pouch,17.0,⬇️PINK,
Authentic CHANEL 1991 red navy trapeze 2.55 vintage leather crossbody bag,1850.0,Authentic,OS
Dooney and Bourke Yellow Wallet,116.0,Dooney,
OrYany Pink Gray Leather Pebbled Leather Bag,80.0,OrYany,
Alfani Black Leather Handbag Hobo Fringe Magnetic Close Silver Accent Rings,45.0,Alfani,OS
Brown Leather Rowallan Expandable Tote Bag,65.0,Brown,
Urban Expressions Lemon Yellow Crossbody handBag,14.0,Urban,OS
Anne Klein Green Croc-Embossed Shoulder Bag,12.0,Anne,OS
"Beige Letter T Sling Bag Chest Backpack Crossbody Purse Adjustable Strap NEW
          
      NWT",10.0,Beige,OS
Robert Bestien Originale vintage black envelope style clutch/crossbody bag,50.0,Robert,OS
"Tropical Print Beach Bag from The Vitamin D Collection by Jujube With Zip Bottom
          
      NWT",70.0,Tropical,
MICHAEL KORS Gold Hardware Purse Charm Round Logo Monogram Beige Leather,10.0,MICHAEL,
Kate Spade Hanna Berry Pebbled Leather Crossbody Bag Adjustable Strap,125.0,Kate,OS
Euc Kate Spade Maise Red Leather Shoulder Bag,150.0,Euc,
A.P.C. Farrah Small Brown Leather Top Handle Bag,250.0,A.P.C.,Small
"NEW MALI + LILI Stylish Pink Crossbody Bag..free Shipping
          
      NWT",29.0,NEW,OS
Elegant Brown Checkered Tote Bag,50.0,Elegant,
The Sak Brown Leather Hobo Shoulder Bag Soft Slouchy Medium,45.0,The,Medium
Johnny Was Fleece Faux Shearling Lined Travel Embroidered Bag Zebra Preppy Pool,29.0,Johnny,
Anne Klein Purse Red Crocodile Patent Handbag Gold accents Chain Handle,85.0,Anne,
Pelle Italia Mesh Beige w/Snakeskin Print Detailing Womens Purse *Read Desc.,33.0,Pelle,
Lesportsac Moomin Bag SUPER RARE- PRICE FIRM,240.0,Lesportsac,
Faux Suede Crossbody Bag Cognac Brown Gold Chain Strap Small Messenger,17.0,Faux,Small
Gucci reusable shopping tote. Never used.,68.0,Gucci,
Coach Cream Slim Canvas Long Wristlet Wallet With Hangtag 8x4” VGUC Read*,75.0,Coach,
Reebok Black Floral Camouflage Quilted Crossbody Sling Bag 2pc Set Pouch Utility,20.0,Reebok,OS
"Myra Country Road 47 Denim Tote Bag New With Tags and Defect
          
      NWT",85.0,Myra,
"NWT London Fog Black Crossbody
          
      NWT",16.0,NWT,OS
Baggallini Lizzy Tote Black Nylon Travel Bag RFID Crossbody Laptop Work,38.0,Baggallini,OS
"New Colorful Balloon Dog Makeup Tech Pencil Zippered Bag Pouch w/ Charm - 10.5”
          
      NWT",19.0,New,
PINK Victoria’s Secret Black White Convertible Backpack Fanny Waist‎ Pack,24.0,PINK,
Ipsy bag,9.0,Ipsy,
"Think Royln Bank Syreet‎ XL Puffy Rainbow Tie Dye Crossbody Bag pouch NWT Strap
          
      NWT",34.0,Think,XL
"Kate Spade Glimmer Oval Camera Crossbody Bag
          
      NWT",129.0,Kate,OS
Chloé Paraty Small – Grayish-Blue,525.0,Chloé,Small
Tory Burch Women's Small Leather Beige Crossbody Bag Big Logo,115.0,Tory,Small
Osprey bag,61.0,Osprey,OS
A519-  Gucci crossbody bag,599.0,A519-,OS
A New Day Cream Crossbody Bag with Tan Strap,15.0,A,OS
Yves Saint Laurent Parfums Black Vinyl Messenger Bag,139.0,Yves,
Laurel Burch Cat SMALL CrossBody Tote Bag,25.0,Laurel,Small
Vera Bradley ‎ Small Tote Purse 100% Cotton,10.0,Vera,Small
Dooney & Bourke Small Yellow Designer Leather Hearts Wristlet Wallet/Purse,35.0,Dooney,Small
"ISANTI bag made in Italy, genuine leather",35.0,ISANTI,
Neous Phoenix Leather Shoulder Bag Dark Chocolate,895.0,Neous,
New Checkbook Cover Wallet Vinyl Check Register Protector - Spiderman In Action,8.0,New,
"Tumi Fife Slim Sling Bag
          
      NWT",175.0,Tumi,
"Trader Joe's Trick Or Treat Mini Canvas Tote Bag Halloween Limited 2025 Black
          
      NWT",15.0,Trader,Mini
"Michael Kors wallet phone case powder blush new
          
      NWT",68.0,Michael,
Kopari Limited Edition Orange Pink Argyle Knit Shoulder Bag Boho Chic,14.0,Kopari,
"Coach Gunmetal Turnlock Bow Cosmetic Bag Box Set
          
      NWT",134.0,Coach,OS
Michael kors Hamilton Specchio satchel,70.0,Michael,
AUTHENTIC LOUIS VUITTON BREA MM EPI HANDBAg,1025.0,AUTHENTIC,
"Michael kors Double handle large tote+ wallet set
          
      NWT",413.0,Michael,Large
"Kate Spade Continental Black Leather Zip Wallet, Classic Minimalist 90s",25.0,Kate,Mini
Under Armour Black and Pink Cosmetic Case,6.0,Under,OS
"Kate Spade Pink Pebbled Leather Julia Medium Bucket Bag
          
      NWT",200.0,Kate,Medium
Coach Legacy East West Duffle 25355 leather Shoulder Bag,250.0,Coach,
"New Tory Burch Kira Small Leather Convertible Shoulder Bag Devon Sand
          
      NWT",538.0,New,Small
Vintage 90s Purse Frenchy of California‎ Suede Leather Navy Blue Shoulder,34.0,Vintage,
Vintage La Regale Ltd Beaded Satin Clutch Black & Goldtone Party Women’s Bag,20.0,Vintage,
"Mixed Lancôme & Other Designer Cosmetic Bag Bundle
          
      NWT",25.0,Mixed,OS
Betsey Johnson Mini Backpack Floral Doggy,25.0,Betsey,Mini
LOUIS VUITTON Authentic Brown Monogram Shoulder Bag,1820.0,LOUIS,
Leather Sling Bag Adjustable Strap Waterproof Travel Crossbody Purse,57.0,Leather,OS
Bendy and the Ink Machine - drawstring lightweight double sided bag - EUC,15.0,Bendy,
Brighton Black Croc Embossed Leather Wallet Crossbody Bag,26.0,Brighton,OS
Michael Kors Camden Navy Blue Large Leather Drawstring‎ Bucket Bag Tassels,84.0,Michael,Large
"Minnie Mouse Coin Wallet with Keychain Black
          
      NWT",8.0,Minnie,
"M.C. NWT Tooled Leather Crossbody/ Shoulder bag
          
      NWT",67.0,M.C.,OS
*Callout*** Oscar de la Renta tote bag,16.0,*Callout***,OS
"Women’s Floral Long Clutch Wallet
          
      NWT",26.0,Women’s,
Kenneth Cole Elegant Brown Leather Travel Bag,175.0,Kenneth,
Vera Bradley purple green floral messenger bag,40.0,Vera,
AVON Tote Bag,13.0,AVON,
ARCADIA Cream Patent Leather Tote,45.0,ARCADIA,
Vintage 90s COACH Sheridan crossbody,215.0,Vintage,OS
DOLCE GABBANA Dauphine Leopard Print Mini Miss Sicily Chain Wallet Brown Black,419.0,DOLCE,Mini
Coach North South Bronze Tote with Chain,71.0,Coach,
"Kate, spade, black and beige Crossbody bag that can be carried separately",67.0,"Kate,",OS
"Universal Thread Black Half-Moon Shoulder Bag With Chain Strap Recycled Polyuret
          
      NWT",15.0,Universal,
Authentic Louis Vuitton Damier Ebene Josephine Long Bifold Wallet,120.0,Authentic,OS
Bodhi Tan Brown‎ Striped Hand Bag Purse Leather Accents,26.0,Bodhi,
🔥 Tory Burch Amanda Mini Satchel - Blue Pebbled Leather EUC 👜,185.0,🔥,Mini
Authentic Tory Burch medium dust bag,20.0,Authentic,Medium
Pre-loved Vintage Elegant Dark RedWine/Burgandy Leather Handbag,46.0,Pre-loved,
Vintage Ralph Lauren Houndstooth Tote Bag Purse Americana Preppy Classic,50.0,Vintage,
EUC KATE SPADE ANNABEL BARROW STREET DIAPER BAG,78.0,EUC,
"NWT Disney Glow In The Dark Halloween 2023 Pumpkin Jack O Lantern Black Tote Bag
          
      NWT",48.0,NWT,
"NWT Beis x Wicked Toiletry Kit Cosmetic Bag In Wicked Pink
          
      NWT",150.0,NWT,OS
Marc Jacobs Empire City Crossbody,36.0,Marc,OS
Zadig & Voltaire Leopard Print Clutch with Black Interior,150.0,Zadig,
Vintage Gucci Smooth Leather Long Wallet Unique Clasp Made in Italy GG,389.0,Vintage,
DANI x Star Wars — The Mandalorian Baby Yoda Grogu Crossbody Bag,38.0,DANI,OS
SALVATORE FERRAGAMO✨ LILAC WALLET,199.0,SALVATORE,
"CHLOE EUC DUST BAG white with light gray/beige, foldover flap Small 6.5""…",20.0,CHLOE,Small
Chanel Black Quilted Tote with Chain Detail,385.0,Chanel,
Furla Elegant Black Pebbled Leather Crossbody Bag,48.0,Furla,OS
"⚠️Clearance Blue And White Color Block Crossbody Bag
          
      NWT",14.0,⚠️Clearance,OS
"NWOT Round straw bag, Natural fibre, brown rope zippered handbag",38.0,NWOT,
The North Face Backpack,39.0,The,
Kate Spade black pink and beige oversized diaper/overnight weekender 11 1/2 x 20,99.0,Kate,
"🩷💛luluemon Everywhere Belt Bag 1L💜🩵
          
      NWT",50.0,🩷💛luluemon,
"Victoria's‎ Secret Tote Bag Plaid Red & Pink Sherpa Trim Christmas Tartan NEW
          
      NWT",20.0,Victoria's‎,
The Knotty Ones crochet blue/white drawstring bucket bag Menulis,85.0,The,
"Women Grey Imported Faux Leather Stylish Small Crossbody Messenger Bags
          
      NWT",49.0,Women,Small
Tumi Voyaguer Jackie convertible nylon backpack crossbody bag travel carryon,270.0,Tumi,OS
Elliot Lucca Woven Leather Crossbody Gold Hardware Foldover Zip Pockets,21.0,Elliot,OS
PRANA Jasmine Bohemian Wrislet,35.0,PRANA,
"Set of 2 Patterned Women's Coin Purse
          
      NWT",15.0,Set,
Vintage Mark Cross 1845 Crossbody Purse Handbag Mini Satchel Italy Grey Print,150.0,Vintage,Mini
Kate Spade wallet,25.0,Kate,
"Vera Bradley Poppy Fields Black Floral Bag + Matching Zip Pouch | NWT
          
      NWT",45.0,Vera,
Travelon Anti Theft Brown Leather Sling Bag Vintage,24.0,Travelon,
Forever 21 Light Blue Crossbody Bag,7.0,Forever,OS
STEVE MADDEN TOTE SHOULDER BAG,22.0,STEVE,
"Guess Black Mini Whipstitch Handbag 9.5x6x2""",18.0,Guess,Mini
HOBO Retro Pin-up Dark Academia Y2K Bag,57.0,HOBO,
Dooney & Bourke Crossbody Pouchette,95.0,Dooney,OS
Justice Pink Sequin Travel Bag with Black Straps,25.0,Justice,
Victoria Secret PINK Vintage Y2K Peace Love Pink Large Duffle Tote Beach Bag,45.0,Victoria,Large
Louis Vuitton Chelsea,1085.0,Louis,
"Heart Shaped Glitter Sparkle Hard-shell Crossbody Bag / Purse- Red/Gold - NWT
          
      NWT",35.0,Heart,OS
Y2K JESSICA MCCLINTOCK Black Sequins Evening Clutch Purse Bag Party Glam Goth,34.0,Y2K,
Fawn Design Premium Faux Leather Changing Clutch Wristlet in Brown,18.0,Fawn,
"Sturdy But Stylish Canvas Tote with Black Trim & Initial 'J'
          
      NWT",37.0,Sturdy,
Liz Claiborne Floral Tapestry Crossbody Bag,55.0,Liz,OS
Medium Size Tory Burch Gift Bag,10.0,Medium,Medium
Tory Burch Perry Nylon Flap Backpack Bright Pink Fuchsia Leather Trim Bag,203.0,Tory,
"Lightweight summer tote. New and never been used.
          
      NWT",20.0,Lightweight,
"NWT White House Black Market Suede Envelope Clutch Wristlet Purse, Gray
          
      NWT",19.0,NWT,
Boho Woven Hobo Bag,12.0,Boho,
Michael Kors Carmen Crocodile Embossed Trifold Wallet Black Silver Hardware,50.0,Michael,OS
Gucci dustbag,20.0,Gucci,
Beaded HOWDY Purse,43.0,Beaded,
Michael Kors Brookville Black Leather Handbag Purse,30.0,Michael,
** NWT*** Wrangler Blue and Orange Patterned Tote with Strap,35.0,**,
"Leather bucket draw string bag, gray and brown, nubuck",32.0,Leather,
"Dolce & Gabbana Clean Taupe Vitello Calf Leather Top Handle Crossbody BB5575
          
      NWT",359.0,Dolce,OS
"Michael Kors Sienna Medium Messenger Satchel Crossbody Bag
          
      NWT",149.0,Michael,Medium
"Dermalogica Charcoal Gray Travel Pouch
          
      NWT",8.0,Dermalogica,
"Vera Bradley Zip Id & Lanyard Snoopy and Woodstock Sled
          
      NWT",40.0,Vera,
"LOL Surprise Mini Backpack
          
      NWT",13.0,LOL,Mini
FOSSIL PEBBLED LEATHER 2 FRONT POCKET CROSSBODY BAG.,25.0,FOSSIL,OS
Michael Kors Mott Chain Leather Black Convertible Backpack,64.0,Michael,
Coach 23346 Canary Yellow Leather Hobo Shoulder Bag,99.0,Coach,
"NWT Hammitt Tim Chocolate Diamond Suede purse
          
      NWT",325.0,NWT,
"NWT Michael Kors Hamilton Legacy Handbag
Smokey Rose Leather
          
      NWT",190.0,NWT,OS
Brahmin Vivian Satchel/Shoulder Bag in Pearl Dogwood,168.0,Brahmin,
"NWT Coach Carmen Mini Crossbody Bag Organic Cotton Quilting CCE61 Burgundy
          
      NWT",225.0,NWT,Mini
Tory Burch Blue Shoulder Bag with Gold Accents,295.0,Tory,
Mark Hall 3 Piece Tote Set,25.0,Mark,
Louis Vuitton Epi leather wallet,135.0,Louis,
Camille Rose Pink Product Tote Bag,8.0,Camille,OS
Kate Spade Newbury Lane Sally Saffiano Leather Crossbody,45.0,Kate,OS
Sondra Roberts Squared Blue Woven Vegan Leather Purse Double Strap Crossbody,60.0,Sondra,OS
saint Laurent ysl bowler bag,390.0,saint,
Brahmin Medium Asher Melbourne Tote Bag Shoulder Bag Cream Green,245.0,Brahmin,Medium
"Valentino Orlando-  Italian Gray Handbag
          
      NWT",108.0,Valentino,
"Montana West Embossed Collection Tote/Crossbody Bag Tan
          
      NWT",50.0,Montana,OS
Urban Outfitters White Textured Shoulder Bag,40.0,Urban,
Tusk Reka Crossbody Golden Yellow Glazed Italian Leather Bag,95.0,Tusk,OS
Coach Legacy Weekend Colorblock Signature Nylon Hippie Swing Bag Christmas Red,27.0,Coach,
Vera Bradley Disney Parks Midnight Mickey Hipster  Crossbody Bag Multicolor,55.0,Vera,OS
"Demon Slayer Nezuko Anime Mini Backpack Bag
          
      NWT",65.0,Demon,Mini
Rare! Diane Von Frustenberg Geometric Canvas Tote Bag,80.0,Rare!,
"Gucci Black Quilted Shoulder Bag with Gold Logo
          
      NWT",1790.0,Gucci,
Juicy Couture Black Quilted Backpack,20.0,Juicy,
AllSaints Black Leather Aika Tote Bag Adjustable Straps Shoulder Bag Large,179.0,AllSaints,Large
Lilly Pulitzer Large Insulated Tote Zip Top Beach Boat Preppy Colorful Roomy,46.0,Lilly,Large
"New Tory Burch Kira Small Leather Convertible Shoulder Bag Tempranillo Brown
          
      NWT",538.0,New,Small
COACH STAR RIVETS CROSSGRAIN LEATHER ENVELOPE WALLET 59511 AUTHENTIC,75.0,COACH,OS
Printfresh Bagheera Leopard Print Organic Cotton Tote Bag Book Bag Shopping,22.0,Printfresh,
8 Other Reasons Vegan Leather Slouchy Bucket Bag New with Duster Bag,36.0,8,
Banana Republic Mint Green Shoulder Bag with Gold Buckles,30.0,Banana,
Authentic Vintage Gucci Canteen Navy Monogram Canvas Leather Round Crossbody Bag,460.0,Authentic,OS
Vintage Liz Claiborne Black Pebbled Leather Crossbody Bag with Brown Trim,40.0,Vintage,OS
"Padded Cassette Style Woven Crossbody Bag
          
      NWT",38.0,Padded,OS
"Kate spade Madison Large bifold Wallet Black
          
      NWT",58.0,Kate,Large
Pink Floral Backpack,20.0,Pink,
Kenneth Cole Reaction Floral Crossbody Bag - White,35.0,Kenneth,OS
Chateau Gray Rivit Sequin Women's Faux Leather Bag Buckle Closure 16x10x4,22.0,Chateau,OS
"LV KEEP IT GYPSY GOUCHO WRISTLET Brown Gold Metallic Leopard‎ Print NWT
          
      NWT",90.0,LV,
3 compartment bag. Laptop bag,15.0,3,
NWOT Vera Wang Black Leather Tote Satchel,40.0,NWOT,
Lisa Jenks Mini Small Purse Bag Black Leather W/Engraved Silver Metal Hardware,100.0,Lisa,Small
Moda Luxe Antoinette Backpack Gray with Gold Hardware,50.0,Moda,
Vintage Nyle Anderson Designs Exotic Leather Belt Bag Artisan Waist Bag Croc Pat,65.0,Vintage,
Louis Vuitton Monogramouflage Pegase Suitcase 60 Monogram Camo LV Travel Luggage,13995.0,Louis,
"Vera Bradley brand, gray and yellow/green, leather crossbody.",25.0,Vera,OS
"Dolcezza - Quilted Travel Bag with Red and Black Pattern NWT
          
      NWT",45.0,Dolcezza,
Brighton Victorian Rose clutch / crossbody purse,49.0,Brighton,OS
Vtg Y2K Tignanello Genuine Leather Laptop Tote Bag Purse Black 2 Pocket,33.0,Vtg,
Nicole Faux Snakeskin Crossbody Shoulder Bag Brown Neutral Animal Print,25.0,Nicole,OS
Ann Taylor Brown Leather Satchel 2012 Preowned,59.0,Ann,
Neiman Marcus Orange Tote with Circular Cutout,11.0,Neiman,
"Soruka Crossbody Bag Blue Leopard Pront Calf Hair Leather Handbag Purse New
          
      NWT",49.0,Soruka,OS
KC Malhan Brown Beaded Small Clutch Made in India Cotton Lined Twill Fabric,22.0,KC,Small
Terramina Clubydr Chain Strap Beaded Medium Snap Clutch Shoulder‎ Orange/Peach,19.0,Terramina,Medium
Vera Bradley Black and Cream Floral Crossbody Bag,20.0,Vera,OS
Consuela Chic Gold Leopard Patterned Animal print Women's wristlet,79.0,Consuela,
MCM Two Tone Navy and Blue Leather Tote,489.0,MCM,
Valentino Garavani Leather Rockstud Padlock Bag.. Authentic w/COA,275.0,Valentino,
No longer available,85.0,No,
Kate Spade Cove Street Dody,60.0,Kate,
Coach Trifold Wallet,79.0,Coach,
Tan‎ and Red Basket Weave Purse Handbag,17.0,Tan‎,
Jessica McClintock Black and Silver Rhinestone Clutch,13.0,Jessica,
NWT Universal Thread Camel CrossBody bag,20.0,NWT,OS
Sole Society Faux Leather Black Chain Strap Shoulder Bag Size Small,25.0,Sole,Small
"NWT Bamboo Trading Company Beaded Club Crossbody Bag
          
      NWT",30.0,NWT,OS
"Bebe Crossbody Flap Bag Denim Blue Paisley Print Chain‎ Strap NWT
          
      NWT",36.0,Bebe,OS
"Blue and White Patterned Tote Bag
          
      NWT",40.0,Blue,
Mary Frances Beaded Leather Mandala Shoulder Bag Lime Green Floral Charms Boho,140.0,Mary,
"Baby blue Trader Joe’s Mini Pastel Canvas Tote Bag
          
      NWT",15.0,Baby,Mini
"Quilted Crossbody Bags for Women 3-Pockets Crossbody Purses Vegan Leather Should
          
      NWT",20.0,Quilted,OS
VINTAGE Mini Black Crossbody Beaded Purse GUC,10.0,VINTAGE,Mini
"💯Authentic CHRISTIAN DIOR
Lambskin Cannage Large Lady Dior🍀",2900.0,💯Authentic CHRISTIAN,Large
"NO BOUNDARIES EXPANDER CLUTCH WALLET WITH CHAIN
          
      NWT",17.0,NO,
Kate Spade Pebble Leather Navy Blue Envelope Clutch Crossbody Bag,55.0,Kate,OS
Lug Metro XL Pouch Peony Blue Flowers NWT Quilted Keychain Card Case ID Holder,25.0,Lug,XL
Dooney & Bourke North South signature print yellow canvas shoulder bag,121.0,Dooney,
"Pocket Wallet Purple Camo Card Holder Small Clutch Mini‎ Wallet Hand Crafted
          
      NWT",8.0,Pocket,Small
Sonia Rykiel Paris Black Suede Envelope Shoulder Bag France Vintage Designer Lux,200.0,Sonia,
Kate Landry Dark Brown Satchel with Gold Accents,50.0,Kate,
"Wallet Embroidered floral multicolor 100% mexican art  Handmade/ cartera bordada
          
      NWT",16.0,Wallet,
NEW COYUCHI 100% Organic Cotton Tote Bag Shopping Beach Travel Boho Beach Cream,19.0,NEW,
Laviva Leather Shoulder Bag Brown Black Front Pocket Adjustable Strap Whipstitch,45.0,Laviva,
Americana by Sharif‎ quilted travel cosmetics storage bag,14.0,Americana,OS
Calvin Klein Hayden Saffiano Leather Tote Royal Blue,88.0,Calvin,
Kate Spade Lana Grove Street Satchel Pocketbook Dusty Peony Straps Leather,65.0,Kate,
Coach Floral Brown,230.0,Coach,
GUCCI Red Leather Shoulder Bag,1230.0,GUCCI,
THE SAK Pacific Shoulder Bag Purse Handbag Black Leather Shoulder Strap,22.0,THE,
Dooney & Bourke Brown Monogram Bag,60.0,Dooney,
Marc Jacobs Embossed Hearts Patent Leather Continental Wallet,159.0,Marc,OS
Hermès Leather Collier de Chien Bracelet Gray,1584.0,Hermès,
Michael Michael Kors Black Faux snake skin shoulder strap bag gold tone trim,21.0,Michael,
Miu Miu Crystal Cloque,1355.0,Miu,
Vintage Brighton leather croc bucket crossbody,50.0,Vintage,OS
Vera Bradley Canterbury Purple Gray Black Satchel Tote Quilted Cotton EUC,20.0,Vera,
Silver Grey Sequined Evening Shoulder Bag,10.0,Silver,
Simply Vera by Vera Wang‎ Purse with Adjustable Strap for Shoulder or Crossbody,30.0,Simply,OS
Tory Burch Black Nylon Patent Leather Trim Lightweight Everyday Tote Bag,165.0,Tory,
Kate Spade Alessa Wellesley Dome Satchel Bag,25.0,Kate,
Fossil Elegant Black Leather Shoulder Bag,15.0,Fossil,OS
Peruvian Mini Small Backpack Embroidery‎ Llama Girl Sun Woven Knapsack Purse Red,20.0,Peruvian,Small
"H by‎ Halston heritage bucket bag camel colored
          
      NWT",65.0,H,
Chic Black Crossbody Bag,61.0,Chic,OS
Dooney & Bourke Red Leather Tote / Shoulder Bag Zip Pocket,73.0,Dooney,
"Badgley Mischka Studded Diamond Quilted Camera Crossbody Bag Dark Green (NWT)
          
      NWT",89.0,Badgley,OS
Champagne Bottle Crossbody Bag - Black and Pink,32.0,Champagne,OS
Kate Spade Elegant Black Crossbody Bag,85.0,Kate,OS
Kate Spade Spencer North South Phone Crossbody,93.0,Kate,OS
NWOT Kenneth Cole New York Crosby Leather Crossbody Beige Designer Crossbody Bag,20.0,NWOT,OS
NWT Kate Spade Blush Quilted Shoulder Bag with Gold,225.0,NWT,
"Michael Kors Morgan, medium sized messenger bag, Crossbody with adjustable strap",75.0,Michael,Medium
Red Purse,14.0,Red,
Prada canvas/leather black  satchel handbag,502.0,Prada,
"Disney Minnie Mouse Mini-Backpack‎ Bowels Pink Rose
          
      NWT",38.0,Disney,Mini
HERMES Bolide Pouch Cotton Multicase Authentic,150.0,HERMES,
"Jeffree Star Special Edition Halloween Black Bat Wing Bag
          
      NWT",40.0,Jeffree,
"Montana West Embossed Collection Tote/Crossbody Bag Brown
          
      NWT",50.0,Montana,OS
Borse in Pelle genuine leather bag,55.0,Borse,
"Minnie Mouse Sequin Wedding Crossbody Bag nwt white Disney loungefly purse bride
          
      NWT",63.0,Minnie,OS
"Badgley Mischka Handbag Women's Black Leather Quilted Studs Crossbody Bag
          
      NWT",69.0,Badgley,OS
Ted Baker Black Leather  Crossbody Bag -Minimalist Office Siren Core,85.0,Ted,Mini
"NWT PINK Victoria's Secret Camo Luggage Suitcase
          
      NWT",150.0,NWT,
Vintage Dooney And Bourke  R28 Small Speedy Bag Tan & Black w/ Coin purse,65.0,Vintage,Small
Tiffany & Fred Paris suede handbag‎,134.0,Tiffany,
"George Gina Lucy Boxery Crossbody Bag
          
      NWT",97.0,George,OS
Wallet Louis Vuitton,600.0,Wallet,
Elegant Black Evening Clutch,35.0,Elegant,
CHANEL RARE ORANGE TRIFOLD ENAMEL WALLET,373.0,CHANEL,
VINTAGE LIZ CLAIBORNE RED MINI CROSSBODY BAG PURSE FAUX LEATHER WOMEN Y2K,28.0,VINTAGE,Mini
Louis Vuitton Odeon PM Crossbody purse NEW VACHETTA,2214.0,Louis,OS
"NWT Disney Minnie Mouse Crossbody Bag Compact
          
      NWT",22.0,NWT,OS
Diesel Archive Y2K Military Crossbody Bag Rare Spare Parts Bullet Proof Panel,249.0,Diesel,OS
"Jujube Sanrio Dream World Paci Pod
          
      NWT",20.0,Jujube,
"Hello Kitty Black Wallet and Nose Pencil Sharpener
          
      NWT",20.0,Hello,OS
Vera Bradley Animal Print and Flowers Tote,20.0,Vera,
Rebecca Minkoff Black Chevron Shoulder Bag,125.0,Rebecca,
COACH BROOKE OPT ART CROSSBODY BAG #43107 Purple,85.0,COACH,OS
Gucci White Belt Bag with Red and Green Stripe,390.0,Gucci,
Chanel Cream Quilted Shoulder Bag,398.0,Chanel,
Marc Jacobs Navy Crossbody Bag,179.0,Marc,OS
Rebecca Minkoff Gray Pebbled Leather Tote,139.0,Rebecca,
"S-ZONE Womens Black Genuine Leather Tri-Fold Long Wallet
          
      NWT",50.0,S-ZONE,
Yves Saint Laurent Black Leather Shoulder Bag with Gold Chain,418.0,Yves,
"Vera Bradley Change Purse, Floral",10.0,Vera,
The North Face Boralis Backpack Light Brown and Blue,22.0,The,
Yves Saint Laurent Black Quilted Crossbody Bag,418.0,Yves,OS
Kate Spade Light Ocean Blue Wallet,30.0,Kate,
Longaberger Brown Leather Replacement Strap 41” Long NWOT,32.0,Longaberger,
LuluLemon Leather tote bag #3146,40.0,LuluLemon,
Kestrel High Tide Vinyl Tote Bag with Brown Leather Handles,67.0,Kestrel,
"Disney Vera Bradley Mickey’s & Friends Hipster Bag Retired NWT
          
      NWT",80.0,Disney,
Vintage Beaded Clutch with Silver Chain,25.0,Vintage,
See by Chloé Mini Blue Suede Leather Crossbody Bag,149.0,See by,Mini
"Badgley Mischka Black and White Logo Card Holder
          
      NWT",15.0,Badgley,
TRIANGL turquoise drawstring beach swim bag,9.0,TRIANGL,
FENDI Mini Kan I Shoulder Bag 8M0381-A18Q Green Leather,1099.0,FENDI,Mini
Tommy Hilfiger Pink/Green Shoulder Bag w/Charm Y2K Front Snap,30.0,Tommy,
"Boho Embellished Clutch With Tassel
          
      NWT",28.0,Boho,
Celine Macadam Bi-fold Wallet - EUC,150.0,Celine,
Rebecca Minkoff Mini Mac Crossbody Bag Saddle Brown Leather Silver Hardware NWOT,88.0,Rebecca,Mini
"Coach 79438 Tabby Chain Clutch Crossbody Pebbled Leather Brass Chalk Crystal WOC
          
      NWT",295.0,Coach,OS
Pink Leather Clutch Y2k Pretty In Pink  Barbie Party Girlhoodcore Coquette Girly,25.0,Pink,
Kate Spade black Voyager bag with pinch lock bundle. Total retail $615,113.0,Kate,
Celine Small Flap Drawstring Backpack,790.0,Celine,Small
Like New Michael Kors Riley Blue Studded Patchwork Satchel,165.0,Like,
"NWT, Badgley Mischka Red Shoulder Handbag Wrapped Frame Clutch Chain Strap
          
      NWT",65.0,"NWT,",
Jimmy Choo Red Women's Wallet,219.0,Jimmy Choo,
Tommy Hilfiger Pink Logo Shoulder Bag Top Handle Tote Purse,40.0,Tommy,
"Loungefly Pikachu Yellow Kids Backpack
          
      NWT",110.0,Loungefly,
Betsey Johnson Boombox Wristlet Vintage 80s Style Novelty Collectors Item,99.0,Betsey,
Adrienne Vittadini Snakeskin Studio Wallet,15.0,Adrienne Vittadini,
Aldo Crossbody Envelope Clutch Nude Tan Snakeskin Purse Bag,20.0,Aldo,OS
ASH Studded Crossbody Mini Bag Leather Taupe  Britt chain link,69.0,ASH,Mini
KATE SPADE | Wristlet Top Zip Teal Pebbled Leather Classic Preppy Vacation,45.0,KATE,
Brown Plaid Wristlet/Clutch Boutique Wallet.,25.0,Brown Plaid Wristlet/Clutch Boutique Wallet.,
Prada Gray Saffiano Leather Long Zip Around Luxury Wallet and Dust Bag,350.0,Prada,
Sherpani gray black crossbody messenger adjustable  travel roomy adjustable strp,18.0,Sherpani,OS
Michael Kors Saffiano light brown leather jet set tote with padded zipper comp,79.0,Michael,
"U.S. POLO ASSN. MADISON CROSSBODY BAG
          
      NWT",39.0,U.S.,OS
Victoria's Secret Evening Bag in Silver,27.0,Victoria's Secret Evening Bag in Silver,
Tori Burch patent leather handbag for women black color size 10x6 Casual Busines,89.0,Tori,
Celine Bags,444.0,Celine,
